﻿{
  "Routes": [
    {
      "DownstreamPathTemplate": "/__RegistrationServiceUrl__/api/{everything}",
      "DownstreamScheme": "http",
      "DownstreamHostAndPorts": [
        {
          "Host": "__RegistrationServiceHost__",
          "Port": "__ReigstrationServicePort__"
        }
      ],
      "UpstreamPathTemplate": "/ureg/api/{everything}",
      "UpstreamHttpMethod": [ ]
    }, 
    {
      "DownstreamPathTemplate": "/__RegistrationServiceUrl__/health",
      "DownstreamScheme": "http",
      "DownstreamHostAndPorts": [
        {
          "Host": "__RegistrationServiceHost__",
          "Port": "__ReigstrationServicePort__"
        }
      ],
      "UpstreamPathTemplate": "/ureg/health",
      "UpstreamHttpMethod": [ ]
    },
    {
      "DownstreamPathTemplate": "/__RegistrationServiceUrl__/health-ui",
      "DownstreamScheme": "http",
      "DownstreamHostAndPorts": [
        {
          "Host": "__RegistrationServiceHost__",
          "Port": "__ReigstrationServicePort__"
        }
      ],
      "UpstreamPathTemplate": "/ureg/health-ui",
      "UpstreamHttpMethod": [ ]
    },
    {
      "DownstreamPathTemplate": "/__RegistrationServiceUrl__/health-ui/{everything}",
      "DownstreamScheme": "http",
      "DownstreamHostAndPorts": [
        {
          "Host": "__RegistrationServiceHost__",
          "Port": "__ReigstrationServicePort__"
        }
      ],
      "UpstreamPathTemplate": "/ureg/health-ui/{everything}",
      "UpstreamHttpMethod": [ ]
    },{
      "DownstreamPathTemplate": "/__RegistrationServiceUrl__/ui/resources/{everything}",
      "DownstreamScheme": "http",
      "DownstreamHostAndPorts": [
        {
          "Host": "__RegistrationServiceHost__",
          "Port": "__ReigstrationServicePort__"
        }
      ],
      "UpstreamPathTemplate": "/ureg/ui/resources/{everything}",
      "UpstreamHttpMethod": [ ]
    },
    {
      "DownstreamPathTemplate": "/__RegistrationServiceUrl__/swagger/{everything}",
      "DownstreamScheme": "http",
      "DownstreamHostAndPorts": [
        {
          "Host": "__RegistrationServiceHost__",
          "Port": "__ReigstrationServicePort__"
        }
      ],
      "UpstreamPathTemplate": "/ureg/swagger/{everything}",
      "UpstreamHttpMethod": [ ]
    }
  ]
}